what,kind,bundleId,bundleVersion,description,time
executed,command,org.eclipse.debug.ui,3.6.0.v20100601-1530,"org.eclipse.debug.ui.commands.StepOver",1530588131307
executed,command,org.eclipse.debug.ui,3.6.0.v20100601-1530,"org.eclipse.debug.ui.commands.StepOver",1530588132810
executed,command,org.eclipse.debug.ui,3.6.0.v20100601-1530,"org.eclipse.debug.ui.commands.StepOver",1530588200506
executed,command,org.eclipse.debug.ui,3.6.0.v20100601-1530,"org.eclipse.debug.ui.commands.StepOver",1530588201851
executed,command,org.eclipse.debug.ui,3.6.0.v20100601-1530,"org.eclipse.debug.ui.commands.StepOver",1530588209226
executed,command,org.eclipse.debug.ui,3.6.0.v20100601-1530,"org.eclipse.debug.ui.commands.StepOver",1530588216971
executed,command,org.eclipse.debug.ui,3.6.0.v20100601-1530,"org.eclipse.debug.ui.commands.StepOver",1530588220491
executed,command,org.eclipse.debug.ui,3.6.0.v20100601-1530,"org.eclipse.debug.ui.commands.StepOver",1530588220970
executed,command,org.eclipse.debug.ui,3.6.0.v20100601-1530,"org.eclipse.debug.ui.commands.StepOver",1530588221930
executed,command,org.eclipse.debug.ui,3.6.0.v20100601-1530,"org.eclipse.debug.ui.commands.StepOver",1530588222396
executed,command,org.eclipse.debug.ui,3.6.0.v20100601-1530,"org.eclipse.debug.ui.commands.StepOver",1530588222986
executed,command,org.eclipse.debug.ui,3.6.0.v20100601-1530,"org.eclipse.debug.ui.commands.StepOver",1530588223370
executed,command,org.eclipse.debug.ui,3.6.0.v20100601-1530,"org.eclipse.debug.ui.commands.StepOver",1530588223756
executed,command,org.eclipse.debug.ui,3.6.0.v20100601-1530,"org.eclipse.debug.ui.commands.StepOver",1530588224187
executed,command,org.eclipse.debug.ui,3.6.0.v20100601-1530,"org.eclipse.debug.ui.commands.StepOver",1530588224795
executed,command,org.eclipse.debug.ui,3.6.0.v20100601-1530,"org.eclipse.debug.ui.commands.StepOver",1530588229149
executed,command,org.eclipse.debug.ui,3.6.0.v20100601-1530,"org.eclipse.debug.ui.commands.StepOver",1530588229994
opened,view,org.eclipse.debug.ui,3.6.0.v20100601-1530,"org.eclipse.debug.ui.ExpressionView",1530588238206
activated,view,org.eclipse.debug.ui,3.6.0.v20100601-1530,"org.eclipse.debug.ui.ExpressionView",1530588238242
executed,command,org.eclipse.debug.ui,3.6.0.v20100601-1530,"org.eclipse.debug.ui.commands.StepOver",1530588239482
executed,command,org.eclipse.debug.ui,3.6.0.v20100601-1530,"org.eclipse.debug.ui.commands.StepOver",1530588239882
executed,command,org.eclipse.debug.ui,3.6.0.v20100601-1530,"org.eclipse.debug.ui.commands.StepOver",1530588240219
executed,command,org.eclipse.debug.ui,3.6.0.v20100601-1530,"org.eclipse.debug.ui.commands.StepOver",1530588240731
deactivated,workbench,org.eclipse.ui.workbench,3.6.0.I20100603-1100,"",1530588246273
activated,workbench,org.eclipse.ui.workbench,3.6.0.I20100603-1100,"",1530588247773
activated,editor,org.eclipse.jdt.ui,3.6.0.v20100602-1600,"org.eclipse.jdt.ui.CompilationUnitEditor",1530588247794
started,bundle,org.eclipse.mylyn.resources.ui,3.4.1.v20100909-0100-e3x,"org.eclipse.mylyn.resources.ui",1530588247925
executed,command,org.eclipse.debug.ui,3.6.0.v20100601-1530,"org.eclipse.debug.ui.commands.StepOver",1530588249466
deactivated,workbench,org.eclipse.ui.workbench,3.6.0.I20100603-1100,"",1530588279645
activated,workbench,org.eclipse.ui.workbench,3.6.0.I20100603-1100,"",1530588403827
executed,command,org.eclipse.debug.ui,3.6.0.v20100601-1530,"org.eclipse.debug.ui.commands.StepOver",1530588404779
executed,command,org.eclipse.debug.ui,3.6.0.v20100601-1530,"org.eclipse.debug.ui.commands.StepOver",1530588405259
executed,command,org.eclipse.debug.ui,3.6.0.v20100601-1530,"org.eclipse.debug.ui.commands.StepOver",1530588406314
executed,command,org.eclipse.debug.ui,3.6.0.v20100601-1530,"org.eclipse.debug.ui.commands.StepOver",1530588406763
executed,command,org.eclipse.debug.ui,3.6.0.v20100601-1530,"org.eclipse.debug.ui.commands.StepOver",1530588407338
executed,command,org.eclipse.debug.ui,3.6.0.v20100601-1530,"org.eclipse.debug.ui.commands.StepOver",1530588407883
executed,command,org.eclipse.debug.ui,3.6.0.v20100601-1530,"org.eclipse.debug.ui.commands.StepOver",1530588408827
executed,command,org.eclipse.debug.ui,3.6.0.v20100601-1530,"org.eclipse.debug.ui.commands.StepOver",1530588409995
executed,command,org.eclipse.debug.ui,3.6.0.v20100601-1530,"org.eclipse.debug.ui.commands.StepOver",1530588410410
executed,command,org.eclipse.debug.ui,3.6.0.v20100601-1530,"org.eclipse.debug.ui.commands.StepOver",1530588410955
executed,command,org.eclipse.debug.ui,3.6.0.v20100601-1530,"org.eclipse.debug.ui.commands.StepOver",1530588411243
executed,command,org.eclipse.debug.ui,3.6.0.v20100601-1530,"org.eclipse.debug.ui.commands.StepOver",1530588411418
executed,command,org.eclipse.debug.ui,3.6.0.v20100601-1530,"org.eclipse.debug.ui.commands.StepOver",1530588411643
executed,command,org.eclipse.debug.ui,3.6.0.v20100601-1530,"org.eclipse.debug.ui.commands.StepOver",1530588412251
executed,command,org.eclipse.debug.ui,3.6.0.v20100601-1530,"org.eclipse.debug.ui.commands.StepOver",1530588412668
executed,command,org.eclipse.debug.ui,3.6.0.v20100601-1530,"org.eclipse.debug.ui.commands.StepOver",1530588413084
deactivated,workbench,org.eclipse.ui.workbench,3.6.0.I20100603-1100,"",1530588578997
activated,workbench,org.eclipse.ui.workbench,3.6.0.I20100603-1100,"",1530588580077
deactivated,workbench,org.eclipse.ui.workbench,3.6.0.I20100603-1100,"",1530588587391
activated,workbench,org.eclipse.ui.workbench,3.6.0.I20100603-1100,"",1530588618922
deactivated,workbench,org.eclipse.ui.workbench,3.6.0.I20100603-1100,"",1530588621470
activated,workbench,org.eclipse.ui.workbench,3.6.0.I20100603-1100,"",1530588638434
deactivated,workbench,org.eclipse.ui.workbench,3.6.0.I20100603-1100,"",1530588639285
activated,workbench,org.eclipse.ui.workbench,3.6.0.I20100603-1100,"",1530588649317
deactivated,workbench,org.eclipse.ui.workbench,3.6.0.I20100603-1100,"",1530588650420
activated,workbench,org.eclipse.ui.workbench,3.6.0.I20100603-1100,"",1530588747978
executed,command,org.eclipse.debug.ui,3.6.0.v20100601-1530,"org.eclipse.debug.ui.commands.StepOver",1530588774666
executed,command,org.eclipse.debug.ui,3.6.0.v20100601-1530,"org.eclipse.debug.ui.commands.StepOver",1530588775340
executed,command,org.eclipse.debug.ui,3.6.0.v20100601-1530,"org.eclipse.debug.ui.commands.StepOver",1530588777852
executed,command,org.eclipse.debug.ui,3.6.0.v20100601-1530,"org.eclipse.debug.ui.commands.StepOver",1530588778683
executed,command,org.eclipse.debug.ui,3.6.0.v20100601-1530,"org.eclipse.debug.ui.commands.StepOver",1530588782234
executed,command,org.eclipse.debug.ui,3.6.0.v20100601-1530,"org.eclipse.debug.ui.commands.StepOver",1530588782604
executed,command,org.eclipse.debug.ui,3.6.0.v20100601-1530,"org.eclipse.debug.ui.commands.StepOver",1530588783467
executed,command,org.eclipse.debug.ui,3.6.0.v20100601-1530,"org.eclipse.debug.ui.commands.StepOver",1530588784220
executed,command,org.eclipse.debug.ui,3.6.0.v20100601-1530,"org.eclipse.debug.ui.commands.StepOver",1530588790476
executed,command,org.eclipse.debug.ui,3.6.0.v20100601-1530,"org.eclipse.debug.ui.commands.StepOver",1530588793916
executed,command,org.eclipse.debug.ui,3.6.0.v20100601-1530,"org.eclipse.debug.ui.commands.StepOver",1530588795643
executed,command,org.eclipse.debug.ui,3.6.0.v20100601-1530,"org.eclipse.debug.ui.commands.StepOver",1530588796923
executed,command,org.eclipse.debug.ui,3.6.0.v20100601-1530,"org.eclipse.debug.ui.commands.StepOver",1530588797900
executed,command,org.eclipse.debug.ui,3.6.0.v20100601-1530,"org.eclipse.debug.ui.commands.StepOver",1530588798507
executed,command,org.eclipse.debug.ui,3.6.0.v20100601-1530,"org.eclipse.debug.ui.commands.StepOver",1530588798906
executed,command,org.eclipse.debug.ui,3.6.0.v20100601-1530,"org.eclipse.debug.ui.commands.StepOver",1530588799244
executed,command,org.eclipse.debug.ui,3.6.0.v20100601-1530,"org.eclipse.debug.ui.commands.StepOver",1530588799595
executed,command,org.eclipse.debug.ui,3.6.0.v20100601-1530,"org.eclipse.debug.ui.commands.StepOver",1530588800011
executed,command,org.eclipse.debug.ui,3.6.0.v20100601-1530,"org.eclipse.debug.ui.commands.StepOver",1530588801052
executed,command,org.eclipse.debug.ui,3.6.0.v20100601-1530,"org.eclipse.debug.ui.commands.StepOver",1530588801451
executed,command,org.eclipse.debug.ui,3.6.0.v20100601-1530,"org.eclipse.debug.ui.commands.StepOver",1530588802844
executed,command,org.eclipse.debug.ui,3.6.0.v20100601-1530,"org.eclipse.debug.ui.commands.StepOver",1530588804156
executed,command,org.eclipse.debug.ui,3.6.0.v20100601-1530,"org.eclipse.debug.ui.commands.StepOver",1530588804795
executed,command,org.eclipse.debug.ui,3.6.0.v20100601-1530,"org.eclipse.debug.ui.commands.StepOver",1530588805403
activated,view,org.eclipse.debug.ui,3.6.0.v20100601-1530,"org.eclipse.debug.ui.DebugView",1530588818567
executed,command,org.eclipse.debug.ui,3.6.0.v20100601-1530,"org.eclipse.debug.ui.commands.Terminate",1530588818660
activated,view,org.eclipse.wst.server.ui,1.1.203.v20100601,"org.eclipse.wst.server.ui.ServersView",1530588818761
activated,editor,org.eclipse.jdt.ui,3.6.0.v20100602-1600,"org.eclipse.jdt.ui.CompilationUnitEditor",1530588819744
executed,command,org.eclipse.ui,3.6.0.I20100603-1100,"org.eclipse.ui.file.save",1530588832601
activated,view,org.eclipse.wst.server.ui,1.1.203.v20100601,"org.eclipse.wst.server.ui.ServersView",1530588836487
executed,command,org.eclipse.wst.server.ui,1.1.203.v20100601,"org.eclipse.wst.server.run",1530588836571
activated,view,org.eclipse.ui.console,3.5.0.v20100526,"org.eclipse.ui.console.ConsoleView",1530588837945
deactivated,workbench,org.eclipse.ui.workbench,3.6.0.I20100603-1100,"",1530588840469
activated,workbench,org.eclipse.ui.workbench,3.6.0.I20100603-1100,"",1530588867017
deactivated,workbench,org.eclipse.ui.workbench,3.6.0.I20100603-1100,"",1530588875026
activated,workbench,org.eclipse.ui.workbench,3.6.0.I20100603-1100,"",1530588911648
deactivated,workbench,org.eclipse.ui.workbench,3.6.0.I20100603-1100,"",1530588925726
activated,workbench,org.eclipse.ui.workbench,3.6.0.I20100603-1100,"",1530588926383
deactivated,workbench,org.eclipse.ui.workbench,3.6.0.I20100603-1100,"",1530588926837
activated,workbench,org.eclipse.ui.workbench,3.6.0.I20100603-1100,"",1530588965062
activated,editor,org.eclipse.jdt.ui,3.6.0.v20100602-1600,"org.eclipse.jdt.ui.CompilationUnitEditor",1530588965090
deactivated,workbench,org.eclipse.ui.workbench,3.6.0.I20100603-1100,"",1530588968268
activated,workbench,org.eclipse.ui.workbench,3.6.0.I20100603-1100,"",1530589076519
deactivated,workbench,org.eclipse.ui.workbench,3.6.0.I20100603-1100,"",1530589082030
activated,workbench,org.eclipse.ui.workbench,3.6.0.I20100603-1100,"",1530589239920
executed,command,org.eclipse.ui,3.6.0.I20100603-1100,"org.eclipse.ui.file.save",1530589305132
activated,view,org.eclipse.ui.console,3.5.0.v20100526,"org.eclipse.ui.console.ConsoleView",1530589309655
activated,editor,org.eclipse.jdt.ui,3.6.0.v20100602-1600,"org.eclipse.jdt.ui.CompilationUnitEditor",1530589310301
activated,view,org.eclipse.ui.console,3.5.0.v20100526,"org.eclipse.ui.console.ConsoleView",1530589310526
activated,editor,org.eclipse.jdt.ui,3.6.0.v20100602-1600,"org.eclipse.jdt.ui.CompilationUnitEditor",1530589313107
executed,command,org.eclipse.ui,3.6.0.I20100603-1100,"org.eclipse.ui.edit.paste",1530589314048
executed,command,org.eclipse.ui,3.6.0.I20100603-1100,"org.eclipse.ui.edit.paste",1530589315955
executed,command,org.eclipse.ui,3.6.0.I20100603-1100,"org.eclipse.ui.edit.undo",1530589320986
executed,command,org.eclipse.ui,3.6.0.I20100603-1100,"org.eclipse.ui.edit.undo",1530589321454
executed,command,org.eclipse.ui,3.6.0.I20100603-1100,"org.eclipse.ui.edit.undo",1530589321821
executed,command,org.eclipse.ui,3.6.0.I20100603-1100,"org.eclipse.ui.edit.undo",1530589322323
executed,command,org.eclipse.ui,3.6.0.I20100603-1100,"org.eclipse.ui.edit.copy",1530589324591
executed,command,org.eclipse.ui,3.6.0.I20100603-1100,"org.eclipse.ui.edit.paste",1530589325502
executed,command,org.eclipse.ui,3.6.0.I20100603-1100,"org.eclipse.ui.file.save",1530589329722
activated,view,org.eclipse.ui.console,3.5.0.v20100526,"org.eclipse.ui.console.ConsoleView",1530589340549
deactivated,workbench,org.eclipse.ui.workbench,3.6.0.I20100603-1100,"",1530589344337
activated,workbench,org.eclipse.ui.workbench,3.6.0.I20100603-1100,"",1530589366224
activated,editor,org.eclipse.jdt.ui,3.6.0.v20100602-1600,"org.eclipse.jdt.ui.CompilationUnitEditor",1530589366249
deactivated,workbench,org.eclipse.ui.workbench,3.6.0.I20100603-1100,"",1530589368348
activated,workbench,org.eclipse.ui.workbench,3.6.0.I20100603-1100,"",1530589761345
deactivated,workbench,org.eclipse.ui.workbench,3.6.0.I20100603-1100,"",1530589765078
activated,workbench,org.eclipse.ui.workbench,3.6.0.I20100603-1100,"",1530589771152
activated,view,org.eclipse.ui.console,3.5.0.v20100526,"org.eclipse.ui.console.ConsoleView",1530589771160
deactivated,workbench,org.eclipse.ui.workbench,3.6.0.I20100603-1100,"",1530596477110
activated,workbench,org.eclipse.ui.workbench,3.6.0.I20100603-1100,"",1530596489120
deactivated,workbench,org.eclipse.ui.workbench,3.6.0.I20100603-1100,"",1530596491335
activated,workbench,org.eclipse.ui.workbench,3.6.0.I20100603-1100,"",1530596627347
activated,editor,org.eclipse.jdt.ui,3.6.0.v20100602-1600,"org.eclipse.jdt.ui.CompilationUnitEditor",1530596627381
deactivated,workbench,org.eclipse.ui.workbench,3.6.0.I20100603-1100,"",1530596629393
activated,workbench,org.eclipse.ui.workbench,3.6.0.I20100603-1100,"",1530596637532
deactivated,workbench,org.eclipse.ui.workbench,3.6.0.I20100603-1100,"",1530596643692
activated,workbench,org.eclipse.ui.workbench,3.6.0.I20100603-1100,"",1530596667532
deactivated,workbench,org.eclipse.ui.workbench,3.6.0.I20100603-1100,"",1530596718331
activated,workbench,org.eclipse.ui.workbench,3.6.0.I20100603-1100,"",1530596784842
deactivated,workbench,org.eclipse.ui.workbench,3.6.0.I20100603-1100,"",1530596788695
activated,workbench,org.eclipse.ui.workbench,3.6.0.I20100603-1100,"",1530596795736
activated,perspective,org.eclipse.jst.j2ee.ui,1.1.400.v201006030400,"org.eclipse.jst.j2ee.J2EEPerspective",1530596807603
activated,view,org.eclipse.ui.navigator.resources,3.4.200.I20100601-0800,"org.eclipse.ui.navigator.ProjectExplorer",1530596812318
activated,editor,org.eclipse.jdt.ui,3.6.0.v20100602-1600,"org.eclipse.jdt.ui.CompilationUnitEditor",1530596812499
deactivated,workbench,org.eclipse.ui.workbench,3.6.0.I20100603-1100,"",1530596864339
activated,workbench,org.eclipse.ui.workbench,3.6.0.I20100603-1100,"",1530596876421
deactivated,workbench,org.eclipse.ui.workbench,3.6.0.I20100603-1100,"",1530596878025
activated,workbench,org.eclipse.ui.workbench,3.6.0.I20100603-1100,"",1530596880542
activated,view,org.eclipse.ui.console,3.5.0.v20100526,"org.eclipse.ui.console.ConsoleView",1530596880561
deactivated,workbench,org.eclipse.ui.workbench,3.6.0.I20100603-1100,"",1530596881442
activated,workbench,org.eclipse.ui.workbench,3.6.0.I20100603-1100,"",1530596883013
activated,editor,org.eclipse.jdt.ui,3.6.0.v20100602-1600,"org.eclipse.jdt.ui.CompilationUnitEditor",1530596883035
deactivated,workbench,org.eclipse.ui.workbench,3.6.0.I20100603-1100,"",1530596888744
activated,workbench,org.eclipse.ui.workbench,3.6.0.I20100603-1100,"",1530596915909
deactivated,workbench,org.eclipse.ui.workbench,3.6.0.I20100603-1100,"",1530596919695
activated,workbench,org.eclipse.ui.workbench,3.6.0.I20100603-1100,"",1530596951221
deactivated,workbench,org.eclipse.ui.workbench,3.6.0.I20100603-1100,"",1530596969151
activated,workbench,org.eclipse.ui.workbench,3.6.0.I20100603-1100,"",1530596969179
activated,editor,org.eclipse.jdt.ui,3.6.0.v20100602-1600,"org.eclipse.jdt.ui.CompilationUnitEditor",1530596969290
activated,editor,org.eclipse.jdt.ui,3.6.0.v20100602-1600,"org.eclipse.jdt.ui.CompilationUnitEditor",1530596971432
executed,command,org.eclipse.ui,3.6.0.I20100603-1100,"org.eclipse.ui.navigate.backwardHistory",1530596971433
activated,editor,org.eclipse.jdt.ui,3.6.0.v20100602-1600,"org.eclipse.jdt.ui.CompilationUnitEditor",1530596972827
deactivated,workbench,org.eclipse.ui.workbench,3.6.0.I20100603-1100,"",1530596979665
activated,workbench,org.eclipse.ui.workbench,3.6.0.I20100603-1100,"",1530597157951
deactivated,workbench,org.eclipse.ui.workbench,3.6.0.I20100603-1100,"",1530597192201
activated,workbench,org.eclipse.ui.workbench,3.6.0.I20100603-1100,"",1530597194915
deactivated,workbench,org.eclipse.ui.workbench,3.6.0.I20100603-1100,"",1530597196224
activated,workbench,org.eclipse.ui.workbench,3.6.0.I20100603-1100,"",1530597241903
deactivated,workbench,org.eclipse.ui.workbench,3.6.0.I20100603-1100,"",1530597243238
activated,workbench,org.eclipse.ui.workbench,3.6.0.I20100603-1100,"",1530597292138
deactivated,workbench,org.eclipse.ui.workbench,3.6.0.I20100603-1100,"",1530597297354
activated,workbench,org.eclipse.ui.workbench,3.6.0.I20100603-1100,"",1530597302750
deactivated,workbench,org.eclipse.ui.workbench,3.6.0.I20100603-1100,"",1530597303313
activated,workbench,org.eclipse.ui.workbench,3.6.0.I20100603-1100,"",1530597304140
deactivated,workbench,org.eclipse.ui.workbench,3.6.0.I20100603-1100,"",1530597304907
activated,workbench,org.eclipse.ui.workbench,3.6.0.I20100603-1100,"",1530597397303
deactivated,workbench,org.eclipse.ui.workbench,3.6.0.I20100603-1100,"",1530597398279
activated,workbench,org.eclipse.ui.workbench,3.6.0.I20100603-1100,"",1530597420198
deactivated,workbench,org.eclipse.ui.workbench,3.6.0.I20100603-1100,"",1530597421104
activated,workbench,org.eclipse.ui.workbench,3.6.0.I20100603-1100,"",1530597425594
deactivated,workbench,org.eclipse.ui.workbench,3.6.0.I20100603-1100,"",1530597426792
activated,workbench,org.eclipse.ui.workbench,3.6.0.I20100603-1100,"",1530597427605
deactivated,workbench,org.eclipse.ui.workbench,3.6.0.I20100603-1100,"",1530597427939
activated,workbench,org.eclipse.ui.workbench,3.6.0.I20100603-1100,"",1530597470860
deactivated,workbench,org.eclipse.ui.workbench,3.6.0.I20100603-1100,"",1530597475334
activated,workbench,org.eclipse.ui.workbench,3.6.0.I20100603-1100,"",1530597504293
deactivated,workbench,org.eclipse.ui.workbench,3.6.0.I20100603-1100,"",1530597507859
activated,workbench,org.eclipse.ui.workbench,3.6.0.I20100603-1100,"",1530597525776
deactivated,workbench,org.eclipse.ui.workbench,3.6.0.I20100603-1100,"",1530597531658
activated,workbench,org.eclipse.ui.workbench,3.6.0.I20100603-1100,"",1530597547594
activated,view,org.eclipse.ui.console,3.5.0.v20100526,"org.eclipse.ui.console.ConsoleView",1530597547623
deactivated,workbench,org.eclipse.ui.workbench,3.6.0.I20100603-1100,"",1530597548517
activated,workbench,org.eclipse.ui.workbench,3.6.0.I20100603-1100,"",1530597552107
deactivated,workbench,org.eclipse.ui.workbench,3.6.0.I20100603-1100,"",1530597552965
activated,workbench,org.eclipse.ui.workbench,3.6.0.I20100603-1100,"",1530597554746
activated,editor,org.eclipse.jdt.ui,3.6.0.v20100602-1600,"org.eclipse.jdt.ui.CompilationUnitEditor",1530597555511
activated,view,org.eclipse.ui.navigator.resources,3.4.200.I20100601-0800,"org.eclipse.ui.navigator.ProjectExplorer",1530597566677
deactivated,workbench,org.eclipse.ui.workbench,3.6.0.I20100603-1100,"",1530597602859
activated,workbench,org.eclipse.ui.workbench,3.6.0.I20100603-1100,"",1530597607113
deactivated,workbench,org.eclipse.ui.workbench,3.6.0.I20100603-1100,"",1530597608298
activated,workbench,org.eclipse.ui.workbench,3.6.0.I20100603-1100,"",1530597645169
activated,editor,org.eclipse.jdt.ui,3.6.0.v20100602-1600,"org.eclipse.jdt.ui.CompilationUnitEditor",1530597645198
deactivated,workbench,org.eclipse.ui.workbench,3.6.0.I20100603-1100,"",1530597646921
activated,workbench,org.eclipse.ui.workbench,3.6.0.I20100603-1100,"",1530597689797
deactivated,workbench,org.eclipse.ui.workbench,3.6.0.I20100603-1100,"",1530597712233
activated,workbench,org.eclipse.ui.workbench,3.6.0.I20100603-1100,"",1530597719235
deactivated,workbench,org.eclipse.ui.workbench,3.6.0.I20100603-1100,"",1530597722714
activated,workbench,org.eclipse.ui.workbench,3.6.0.I20100603-1100,"",1530597723646
deactivated,workbench,org.eclipse.ui.workbench,3.6.0.I20100603-1100,"",1530597728026
activated,workbench,org.eclipse.ui.workbench,3.6.0.I20100603-1100,"",1530597761003
deactivated,workbench,org.eclipse.ui.workbench,3.6.0.I20100603-1100,"",1530597763257
activated,workbench,org.eclipse.ui.workbench,3.6.0.I20100603-1100,"",1530597788210
deactivated,workbench,org.eclipse.ui.workbench,3.6.0.I20100603-1100,"",1530597821322
activated,workbench,org.eclipse.ui.workbench,3.6.0.I20100603-1100,"",1530597838052
deactivated,workbench,org.eclipse.ui.workbench,3.6.0.I20100603-1100,"",1530597839162
activated,workbench,org.eclipse.ui.workbench,3.6.0.I20100603-1100,"",1530597841421
deactivated,workbench,org.eclipse.ui.workbench,3.6.0.I20100603-1100,"",1530597854979
activated,workbench,org.eclipse.ui.workbench,3.6.0.I20100603-1100,"",1530598006757
deactivated,workbench,org.eclipse.ui.workbench,3.6.0.I20100603-1100,"",1530598009633
activated,workbench,org.eclipse.ui.workbench,3.6.0.I20100603-1100,"",1530598016901
deactivated,workbench,org.eclipse.ui.workbench,3.6.0.I20100603-1100,"",1530598018414
activated,workbench,org.eclipse.ui.workbench,3.6.0.I20100603-1100,"",1530598021134
deactivated,workbench,org.eclipse.ui.workbench,3.6.0.I20100603-1100,"",1530598022338
activated,workbench,org.eclipse.ui.workbench,3.6.0.I20100603-1100,"",1530598132999
deactivated,workbench,org.eclipse.ui.workbench,3.6.0.I20100603-1100,"",1530598137905
activated,workbench,org.eclipse.ui.workbench,3.6.0.I20100603-1100,"",1530598203791
deactivated,workbench,org.eclipse.ui.workbench,3.6.0.I20100603-1100,"",1530598204657
activated,workbench,org.eclipse.ui.workbench,3.6.0.I20100603-1100,"",1530598207919
deactivated,workbench,org.eclipse.ui.workbench,3.6.0.I20100603-1100,"",1530598212242
activated,workbench,org.eclipse.ui.workbench,3.6.0.I20100603-1100,"",1530598404809
deactivated,workbench,org.eclipse.ui.workbench,3.6.0.I20100603-1100,"",1530598405977
activated,workbench,org.eclipse.ui.workbench,3.6.0.I20100603-1100,"",1530598418691
deactivated,workbench,org.eclipse.ui.workbench,3.6.0.I20100603-1100,"",1530598419764
activated,workbench,org.eclipse.ui.workbench,3.6.0.I20100603-1100,"",1530598421879
deactivated,workbench,org.eclipse.ui.workbench,3.6.0.I20100603-1100,"",1530598423353
activated,workbench,org.eclipse.ui.workbench,3.6.0.I20100603-1100,"",1530598450001
deactivated,workbench,org.eclipse.ui.workbench,3.6.0.I20100603-1100,"",1530598451866
activated,workbench,org.eclipse.ui.workbench,3.6.0.I20100603-1100,"",1530598593299
deactivated,workbench,org.eclipse.ui.workbench,3.6.0.I20100603-1100,"",1530598594499
activated,workbench,org.eclipse.ui.workbench,3.6.0.I20100603-1100,"",1530598595380
deactivated,workbench,org.eclipse.ui.workbench,3.6.0.I20100603-1100,"",1530598600490
activated,workbench,org.eclipse.ui.workbench,3.6.0.I20100603-1100,"",1530598709566
deactivated,workbench,org.eclipse.ui.workbench,3.6.0.I20100603-1100,"",1530598710562
activated,workbench,org.eclipse.ui.workbench,3.6.0.I20100603-1100,"",1530598713110
deactivated,workbench,org.eclipse.ui.workbench,3.6.0.I20100603-1100,"",1530598714361
activated,workbench,org.eclipse.ui.workbench,3.6.0.I20100603-1100,"",1530598860956
deactivated,workbench,org.eclipse.ui.workbench,3.6.0.I20100603-1100,"",1530598867499
activated,workbench,org.eclipse.ui.workbench,3.6.0.I20100603-1100,"",1530598897912
deactivated,workbench,org.eclipse.ui.workbench,3.6.0.I20100603-1100,"",1530598908491
activated,workbench,org.eclipse.ui.workbench,3.6.0.I20100603-1100,"",1530598980785
deactivated,workbench,org.eclipse.ui.workbench,3.6.0.I20100603-1100,"",1530598984434
activated,workbench,org.eclipse.ui.workbench,3.6.0.I20100603-1100,"",1530599022535
deactivated,workbench,org.eclipse.ui.workbench,3.6.0.I20100603-1100,"",1530599059164
activated,workbench,org.eclipse.ui.workbench,3.6.0.I20100603-1100,"",1530599103769
activated,perspective,org.eclipse.debug.ui,3.6.0.v20100601-1530,"org.eclipse.debug.ui.DebugPerspective",1530599106998
activated,view,org.eclipse.wst.server.ui,1.1.203.v20100601,"org.eclipse.wst.server.ui.ServersView",1530599109101
executed,command,org.eclipse.wst.server.ui,1.1.203.v20100601,"org.eclipse.wst.server.debug",1530599109177
activated,view,org.eclipse.ui.console,3.5.0.v20100526,"org.eclipse.ui.console.ConsoleView",1530599109653
deactivated,workbench,org.eclipse.ui.workbench,3.6.0.I20100603-1100,"",1530599112850
activated,workbench,org.eclipse.ui.workbench,3.6.0.I20100603-1100,"",1530599115073
executed,command,org.eclipse.debug.ui,3.6.0.v20100601-1530,"org.eclipse.debug.ui.commands.StepInto",1530599117145
executed,command,org.eclipse.debug.ui,3.6.0.v20100601-1530,"org.eclipse.debug.ui.commands.StepOver",1530599117768
executed,command,org.eclipse.debug.ui,3.6.0.v20100601-1530,"org.eclipse.debug.ui.commands.StepOver",1530599118777
executed,command,org.eclipse.debug.ui,3.6.0.v20100601-1530,"org.eclipse.debug.ui.commands.StepInto",1530599119080
executed,command,org.eclipse.debug.ui,3.6.0.v20100601-1530,"org.eclipse.debug.ui.commands.StepOver",1530599120776
executed,command,org.eclipse.debug.ui,3.6.0.v20100601-1530,"org.eclipse.debug.ui.commands.StepOver",1530599121432
executed,command,org.eclipse.debug.ui,3.6.0.v20100601-1530,"org.eclipse.debug.ui.commands.StepOver",1530599122792
executed,command,org.eclipse.debug.ui,3.6.0.v20100601-1530,"org.eclipse.debug.ui.commands.StepOver",1530599123128
executed,command,org.eclipse.debug.ui,3.6.0.v20100601-1530,"org.eclipse.debug.ui.commands.StepOver",1530599123513
executed,command,org.eclipse.debug.ui,3.6.0.v20100601-1530,"org.eclipse.debug.ui.commands.StepOver",1530599123864
executed,command,org.eclipse.debug.ui,3.6.0.v20100601-1530,"org.eclipse.debug.ui.commands.StepOver",1530599124217
executed,command,org.eclipse.debug.ui,3.6.0.v20100601-1530,"org.eclipse.debug.ui.commands.StepOver",1530599124569
executed,command,org.eclipse.debug.ui,3.6.0.v20100601-1530,"org.eclipse.debug.ui.commands.StepOver",1530599124921
executed,command,org.eclipse.debug.ui,3.6.0.v20100601-1530,"org.eclipse.debug.ui.commands.StepOver",1530599125288
executed,command,org.eclipse.debug.ui,3.6.0.v20100601-1530,"org.eclipse.debug.ui.commands.StepOver",1530599125641
executed,command,org.eclipse.debug.ui,3.6.0.v20100601-1530,"org.eclipse.debug.ui.commands.StepOver",1530599126552
executed,command,org.eclipse.debug.ui,3.6.0.v20100601-1530,"org.eclipse.debug.ui.commands.StepOver",1530599126905
executed,command,org.eclipse.debug.ui,3.6.0.v20100601-1530,"org.eclipse.debug.ui.commands.StepOver",1530599127818
executed,command,org.eclipse.debug.ui,3.6.0.v20100601-1530,"org.eclipse.debug.ui.commands.StepOver",1530599128185
